{
    "name": "spicy-teeth-more-belt-tiers",
    "version": "1.4.1",
    "factorio_version": "0.17",
    "title": "Spicy Teeth - More Belt Tiers",
    "author": "SparkliTwizzl",
    "description": "Adds more tiers of transport belts, each increasing in speed by enough to keep them worth upgrading to. !!EPILEPSY WARNING!! High tier belt animations play EXTREMELY fast, which causes rapidly flickering light.",
    "dependencies": ["base >= 0.17.0", "spicy-teeth-mbt_assets >= 1.1.0", "spicy-teeth-core >= 1.2.1"]
}
